Name,Regional,geometry
Sapucai 2,CENTRO-SUL,POINT Z (-43.93296860538943 -19.91899400391423 0)
Sapucai 1,CENTRO-SUL,POINT Z (-43.93211712305332 -19.91536633127136 0)
Parque 3,CENTRO-SUL,POINT Z (-43.93509560175001 -19.92449934131233 0)
Parque 2,CENTRO-SUL,POINT Z (-43.93366015595266 -19.9268772346784 0)
Parque 1,CENTRO-SUL,POINT Z (-43.93188246032068 -19.92448452274403 0)
Parque 4,CENTRO-SUL,POINT Z (-43.93349277444847 -19.92172210862132 0)
LAG-02,NOROESTE,POINT Z (-43.94389010126068 -19.9131907881532 0)
LAG-01,NOROESTE,POINT Z (-43.94212399784729 -19.90989920094845 0)
CFTV01,NOROESTE,POINT Z (-43.94654404627393 -19.91378379942542 0)
CFTV02,CENTRO-SUL,POINT Z (-43.93795238062224 -19.91403850455062 0)
CFTV03,CENTRO-SUL,POINT Z (-43.93396450208233 -19.91488166736541 0)
CFTV04,CENTRO-SUL,POINT Z (-43.94026487296357 -19.91526504420636 0)
CFTV05,CENTRO-SUL,POINT Z (-43.93532119409674 -19.91739514725996 0)
CFTV06,CENTRO-SUL,POINT Z (-43.93840344161541 -19.91917288389032 0)
CFTV07,CENTRO-SUL,POINT Z (-43.94817753209549 -19.91807187235524 0)
CFTV08,OESTE,POINT Z (-43.95661136260301 -19.9188675647451 0)
CFTV09,CENTRO-SUL,POINT Z (-43.94280767681279 -19.92078282664953 0)
CFTV10,CENTRO-SUL,POINT Z (-43.9404571320056 -19.92012859153028 0)
CFTV11,CENTRO-SUL,POINT Z (-43.94352353198695 -19.92183604634547 0)
CFTV12,CENTRO-SUL,POINT Z (-43.93606903545837 -19.9249224271702 0)
CFTV13,CENTRO-SUL,POINT Z (-43.94673918601649 -19.92363412478923 0)
CFTV14,OESTE,POINT Z (-43.95731229546119 -19.92947758888682 0)
CFTV15,CENTRO-SUL,POINT Z (-43.93943171785636 -19.93191725932064 0)
CFTV16,CENTRO-SUL,POINT Z (-43.9378142905825 -19.93327401602128 0)
CFTV17,CENTRO-SUL,POINT Z (-43.94919498955858 -19.93227423560012 0)
CFTV18,CENTRO-SUL,POINT Z (-43.95220454964221 -19.93395730049966 0)
CFTV19,CENTRO-SUL,POINT Z (-43.93516998514617 -19.94748155077238 0)
CFTV20,CENTRO-SUL,POINT Z (-43.92623482691312 -19.93904297159872 0)
CFTV21,CENTRO-SUL,POINT Z (-43.93314438099816 -19.93968813906991 0)
CFTV22,CENTRO-SUL,POINT Z (-43.93652073265828 -19.93682741125827 0)
CFTV23,CENTRO-SUL,POINT Z (-43.94490812789316 -19.92188675631002 0)
CFTV24,CENTRO-SUL,POINT Z (-43.9517537605027 -19.92643649968352 0)
CFTV25,CENTRO-SUL,POINT Z (-43.94028281355472 -19.93055941366145 0)
CFTV26,CENTRO-SUL,POINT Z (-43.94188329437218 -19.92821058166553 0)
CFTV27,CENTRO-SUL,POINT Z (-43.93373003100213 -19.92667853356003 0)
CFTV28,CENTRO-SUL,POINT Z (-43.92545853996008 -19.92614979195025 0)
CFTV29,CENTRO-SUL,POINT Z (-43.93119808291956 -19.92221646228577 0)
CFTV30,LESTE,POINT Z (-43.91880953268819 -19.92256681445958 0)
CFTV31,CENTRO-SUL,POINT Z (-43.9241194928659 -19.92149950598882 0)
CFTV33,LESTE,POINT Z (-43.92982021408013 -19.91207959234778 0)
Cam 101,CENTRO-SUL,POINT Z (-43.94845984545609 -19.93488574845454 0)
Cam 102,CENTRO-SUL,POINT Z (-43.93034228592348 -19.92890927773944 0)
Cam 106,CENTRO-SUL,POINT Z (-43.92994072011788 -19.9327324603724 0)
Cam 49,PAMPULHA,POINT Z (-43.97362044131478 -19.86406094235581 0)
Cam 50,PAMPULHA,POINT Z (-43.970348 -19.86297 0)
Cam 70,PAMPULHA,POINT Z (-43.97182053424718 -19.86938644294226 0)
Cam 72,CENTRO-SUL,POINT Z (-43.94672706870297 -19.93542781926736 0)
Cam 75,CENTRO-SUL,POINT Z (-43.92703069732262 -19.92391465588595 0)
Cam 76,CENTRO-SUL,POINT Z (-43.92719478662787 -19.92313191030386 0)
Cam 77,CENTRO-SUL,POINT Z (-43.94334912426933 -19.97516730416521 0)
Cam 79,NOROESTE,POINT Z (-43.99290487828169 -19.91381198555495 0)
Cam 97,CENTRO-SUL,POINT Z (-43.94412685766917 -19.92944687628458 0)
CFTV 103,CENTRO-SUL,POINT Z (-43.93476107894236 -19.94002452997642 0)
CFTV38,NORDESTE,POINT Z (-43.92818719697225 -19.87584041585237 0)
CFTV39,NORDESTE,POINT Z (-43.95062496253954 -19.88304899009017 0)
CFTV40,CENTRO-SUL,POINT Z (-43.94291132044765 -19.95883399581766 0)
CFTV41,OESTE,POINT Z (-43.97233317118808 -19.92583910758439 0)
CFTV43,NORDESTE,POINT Z (-43.92792707672069 -19.89426818351848 0)
CFTV44,NORTE,POINT Z (-43.92838639237593 -19.8641041576244 0)
CFTV46,NORTE,POINT Z (-43.93393563200595 -19.85922396028709 0)
CFTV48,OESTE,POINT Z (-43.97182105097329 -19.93383835598082 0)
CFTV51,CENTRO-SUL,POINT Z (-43.92023747112076 -19.94867917981023 0)
CFTV52,CENTRO-SUL,POINT Z (-43.92367865040116 -19.94315998611536 0)
CFTV53,CENTRO-SUL,POINT Z (-43.9394727529357 -19.92686054273302 0)
CFTV54,OESTE,POINT Z (-43.96568044961892 -19.93117670445249 0)
Cam 56,OESTE,POINT Z (-43.97454419457627 -19.92967191442235 0)
CFTV57,OESTE,POINT Z (-44.00617402140131 -19.94651160358749 0)
Cam 58,OESTE,POINT Z (-43.97837034623389 -19.92980760025399 0)
CFTV59,OESTE,POINT Z (-43.99669821436368 -19.93799438692204 0)
CFTV60,NORTE,POINT Z (-43.93232130207031 -19.84631294653216 0)
CFTV66,PAMPULHA,POINT Z (-43.97699287497056 -19.87738914820078 0)
Cam 67,NOROESTE,POINT Z (-43.96672892032132 -19.90189161790834 0)
Cam 68,NOROESTE,POINT Z (-43.96801177846557 -19.88810145316739 0)
Cam 69,PAMPULHA,POINT Z (-43.97707565875963 -19.87390966413149 0)
CFTV73,CENTRO-SUL,POINT Z (-43.95677090308242 -19.91984560258825 0)
CFTV74,NORDESTE,POINT Z (-43.93630271619162 -19.90499094751063 0)
CFTV78,OESTE,POINT Z (-43.9623009113417 -19.96938857212248 0)
CFTV81,NOROESTE,POINT Z (-43.9720165803635 -19.92194580565862 0)
CFTV83,NOROESTE,POINT Z (-43.95359867262284 -19.91402944664273 0)
CFTV84,NOROESTE,POINT Z (-43.9864423583767 -19.90472292784927 0)
CFTV85,CENTRO-SUL,POINT Z (-43.94050641588512 -19.91610489569092 0)
CFTV86,CENTRO-SUL,POINT Z (-43.94734486138752 -19.93794377287946 0)
CFTV88,OESTE,POINT Z (-43.95453068175824 -19.96896781772823 0)
CFTV89,OESTE,POINT Z (-43.9612599336321 -19.95036968642083 0)
CFTV90,OESTE,POINT Z (-43.94692824664895 -19.97225578632193 0)
CFTV92,VENDA NOVA,POINT Z (-43.94808778980703 -19.81659181592276 0)
CFTV93,OESTE,POINT Z (-43.98641962440531 -19.95568361875209 0)
CFTV95,NOROESTE,POINT Z (-43.98763941087473 -19.92675519873358 0)
CFTV96,NOROESTE,POINT Z (-43.98343261600526 -19.92224628390408 0)
Cam 63,PAMPULHA,POINT Z (-43.96202722747054 -19.85228777246699 0)
LE01,LESTE,POINT Z (-43.91314166666667 -19.90812777777777 0)
BA01,BARREIRO,POINT Z (-44.01666320545179 -19.99462033920975 0)
BA02,BARREIRO,POINT Z (-44.01450749040738 -19.98843252591505 0)
BA03,BARREIRO,POINT Z (-44.02483132633292 -19.98400794954172 0)
BA04,BARREIRO,POINT Z (-44.02931910436016 -19.99688048433423 0)
BA05,BARREIRO,POINT Z (-44.02850144853203 -19.99804146246987 0)
NE01,NORDESTE,POINT Z (-43.93203171413327 -19.88895108189184 0)
NE02,NORDESTE,POINT Z (-43.9329716425985 -19.88923576728897 0)
NE03,NORDESTE,POINT Z (-43.93026979758903 -19.88926052139708 0)
NE04,NORDESTE,POINT Z (-43.92875890480143 -19.89578135743239 0)
VN01,VENDA NOVA,POINT Z (-43.99111940027358 -19.80182152541161 0)
VN02,VENDA NOVA,POINT Z (-43.98983255348899 -19.7962829575386 0)
VN03,VENDA NOVA,POINT Z (-43.98229535656591 -19.78504325051058 0)
VN04,VENDA NOVA,POINT Z (-43.98437402904876 -19.79647678217407 0)
CS02,CENTRO-SUL,POINT Z (-43.94914036996343 -19.94205293402264 0)
PA01,PAMPULHA,POINT Z (-43.94285671987824 -19.86119104768368 0)
PA02,PAMPULHA,POINT Z (-43.93767066007432 -19.86091482601723 0)
PA03,PAMPULHA,POINT Z (-43.94598791728949 -19.86073967741122 0)
PA04,PAMPULHA,POINT Z (-43.94937873146177 -19.8699949954751 0)
PA05,PAMPULHA,POINT Z (-43.95038703855493 -19.86091596525741 0)
LE02,LESTE,POINT Z (-43.91024743887152 -19.87772861532853 0)
LE03,LESTE,POINT Z (-43.91143256154745 -19.92256535351929 0)
NE06,NORDESTE,POINT Z (-43.91578981917061 -19.87599201358194 0)
NE05,NORDESTE,POINT Z (-43.91532379619594 -19.85446353015061 0)
NE07,NORDESTE,POINT Z (-43.91836148147478 -19.87516642384495 0)
NT01,NORTE,POINT Z (-43.90400748546131 -19.82322620548051 0)
NT02,NORTE,POINT Z (-43.92427607540563 -19.82559487427038 0)
NT03,NORTE,POINT Z (-43.93227738842144 -19.82907083330537 0)
NT04,NORTE,POINT Z (-43.93039390825418 -19.83607319988738 0)
NT05,NORTE,POINT Z (-43.93607320094882 -19.83334484398152 0)
SA04,PAMPULHA,POINT Z (-43.97767977042691 -19.84319314610876 0)
SA05,PAMPULHA,POINT Z (-43.97764165920536 -19.83949672466855 0)
SA06,PAMPULHA,POINT Z (-43.9763348661623 -19.83701951980759 0)
SA07,PAMPULHA,POINT Z (-43.97435547128791 -19.83538314560884 0)
CMG04,NOROESTE,POINT Z (-44.01866097138061 -19.93178894791018 0)
CMG03,OESTE,POINT Z (-44.02156519243656 -19.93490700553208 0)
CMG01,OESTE,POINT Z (-44.01551704684664 -19.94494714523548 0)
SA03,PAMPULHA,POINT Z (-43.9770010888553 -19.84586684480707 0)
SA02,PAMPULHA,POINT Z (-43.98040582660902 -19.84701937612777 0)
SA01,PAMPULHA,POINT Z (-43.97946425652081 -19.83621000481579 0)
SA09,PAMPULHA,POINT Z (-43.97377050191667 -19.84622237925987 0)
CMG02,OESTE,POINT Z (-44.01608441562372 -19.94288088599182 0)
GT01,OESTE,POINT Z (-43.95990592888959 -19.93020041527703 0)
GT02,OESTE,POINT Z (-43.9588324660614 -19.93253644707319 0)
GT03,OESTE,POINT Z (-43.9596633717396 -19.93578799883741 0)
GT04,OESTE,POINT Z (-43.95678792037731 -19.94303866573695 0)
ST01,LESTE,POINT Z (-43.90798436603142 -19.91308122313367 0)
ST02,LESTE,POINT Z (-43.9107812719706 -19.91782424996817 0)
CLF01,NOROESTE,POINT Z (-44.01310874771788 -19.9256787758285 0)
CLF02,NOROESTE,POINT Z (-44.01161247764897 -19.92839156833507 0)
CLF03,NOROESTE,POINT Z (-44.00905131890954 -19.92842234071863 0)
pp1m01,NORTE,POINT Z (-43.93204223473936 -19.85614223403261 0)
pnsp01,NORTE,POINT Z (-43.92741708087063 -19.84799654287756 0)
pp1m02,NORTE,POINT Z (-43.92984034801574 -19.85501727619789 0)
SA08,VENDA NOVA,POINT Z (-43.98073047453781 -19.83245935258312 0)
SA10,PAMPULHA,POINT Z (-43.97127698556191 -19.84409728623978 0)
ORLA 23,PAMPULHA,POINT Z (-43.97722152829331 -19.85734566904852 0)
ORLA 18,PAMPULHA,POINT Z (-43.98006705657881 -19.85932095689936 0)
ORLA 03,PAMPULHA,POINT Z (-43.97958905190961 -19.85892926358093 0)
TOTEM 01 (ORLA 26),PAMPULHA,POINT Z (-43.97905408130431 -19.85932984196187 0)
ORLA XXX,PAMPULHA,POINT Z (-43.97014081069357 -19.85487854499502 0)
ORLA 19,PAMPULHA,POINT Z (-43.96722866953357 -19.85395493437093 0)
ORLA 18,PAMPULHA,POINT Z (-43.98006705657881 -19.85932095689936 0)
ORLA 20,PAMPULHA,POINT Z (-43.97281632184341 -19.85094412050733 0)
ORLA 01,PAMPULHA,POINT Z (-43.98143846460125 -19.86118110665846 0)
ORLA XXXX,PAMPULHA,POINT Z (-43.98190293242187 -19.86220776331117 0)
ORLA 04,PAMPULHA,POINT Z (-43.97959571582621 -19.85893247122667 0)
ORLA X,PAMPULHA,POINT Z (-43.97319866988443 -19.85095771412409 0)
ORLA 25,PAMPULHA,POINT Z (-43.97958962131614 -19.85892997818434 0)
ORLA 21,PAMPULHA,POINT Z (-44.00548322540121 -19.85485278941588 0)
ORLA 22,PAMPULHA,POINT Z (-44.00548322540121 -19.85485278941588 0)
ORLA XXXXX,PAMPULHA,POINT Z (-43.98161445175349 -19.85986907439618 0)
2250 1 - PC RUI BARBOSA,CENTRO-SUL,POINT Z (-43.93445313811694 -19.91764721376002 0)
CAM30 (SAPUCAI - PC ESTACAO),CENTRO-SUL,POINT Z (-43.93215823217681 -19.9158913450151 0)
SLU01,PAMPULHA,POINT Z (-43.9960720577914 -19.89976390789744 0)
SLU02,PAMPULHA,POINT Z (-43.993384839459 -19.873798920522 0)
SLU03,PAMPULHA,POINT Z (-43.99583869117773 -19.83341679890388 0)
SLU04,PAMPULHA,POINT Z (-43.93656159412071 -19.8575813371494 0)
SLU05,PAMPULHA,POINT Z (-43.95537527802662 -19.8657411628351 0)
SLU06,PAMPULHA,POINT Z (-43.97182004859887 -19.83690814686208 0)
SLU07,BARREIRO,POINT Z (-44.0283810395677 -19.9761390313035 0)
SLU08,BARREIRO,POINT Z (-44.00157948531452 -19.99964454899504 0)
SLU09,BARREIRO,POINT Z (-44.03600443795709 -20.00432109640728 0)
SLU10,BARREIRO,POINT Z (-44.05179927137648 -19.98497249368048 0)
SLU11,BARREIRO,POINT Z (-43.9998972214758 -19.9824500170621 0)
SLU12,BARREIRO,POINT Z (-44.04631147659868 -19.98407319210494 0)
SLU13,CENTRO-SUL,POINT Z (-43.90758202325023 -19.93137041077043 0)
SLU14,CENTRO-SUL,POINT Z (-43.94603205104767 -19.9510324229398 0)
SLU15,LESTE,POINT Z (-43.90682557891123 -19.9014173927491 0)
SLU16,NORDESTE,POINT Z (-43.86747447020121 -19.8305796834174 0)
SLU17,NORDESTE,POINT Z (-43.91927515193145 -19.85378588564168 0)
SLU18,NORDESTE,POINT Z (-43.92710154922634 -19.86960154743138 0)
SLU19,NOROESTE,POINT Z (-43.96214509318461 -19.89834927395708 0)
SLU20,NOROESTE,POINT Z (-43.9938665184069 -19.92936372758942 0)
SLU21,NOROESTE,POINT Z (-44.01521663192085 -19.9099161935252 0)
SLU22,NORTE,POINT Z (-43.9440419480619 -19.84873965734874 0)
SLU23,NORTE,POINT Z (-43.94765263878053 -19.82998355838013 0)
SLU24,NORTE,POINT Z (-43.93201568256724 -19.80910612359561 0)
SLU25,NORTE,POINT Z (-43.93596238570245 -19.82174482688196 0)
SLU26,NORTE,POINT Z (-43.91999581306665 -19.84214210811514 0)
SLU27,OESTE,POINT Z (-43.97266970220253 -19.93734045894497 0)
SLU27,OESTE,POINT Z (-43.97266970220253 -19.93734045894497 0)
SLU28,OESTE,POINT Z (-43.98447023321007 -19.9491675666959 0)
SLU29,OESTE,POINT Z (-43.97397247199984 -19.9230795692409 0)
SLU30,OESTE,POINT Z (-44.00175619594228 -19.95724701330437 0)
SLU31,VENDA NOVA,POINT Z (-44.00177752916341 -19.81503174198608 0)
SLU32,VENDA NOVA,POINT Z (-43.987171632906 -19.81877538764921 0)
SLU33,VENDA NOVA,POINT Z (-43.96550764414883 -19.82128273549753 0)
SLU34,VENDA NOVA,POINT Z (-43.97677933102383 -19.80241846559838 0)
SLU35,LESTE,POINT Z (-43.88885759032603 -19.90464113307099 0)
C01119,CENTRO-SUL,POINT Z (-43.91965174625747 -19.92299402415598 0)
C01120,CENTRO-SUL,POINT Z (-43.91950934481343 -19.92342590232999 0)
C01121,CENTRO-SUL,POINT Z (-43.92011660315056 -19.92327888462064 0)
C01002,CENTRO-SUL,POINT Z (-43.94078970262083 -19.91355060900141 0)
C01003,CENTRO-SUL,POINT Z (-43.93981369393137 -19.9135666132727 0)
C01004,CENTRO-SUL,POINT Z (-43.94361720776818 -19.91415634876245 0)
C01005,CENTRO-SUL,POINT Z (-43.94121514252837 -19.91495857408525 0)
C01006,CENTRO-SUL,POINT Z (-43.94026634760688 -19.9152634190731 0)
C01007,CENTRO-SUL,POINT Z (-43.9421955636356 -19.91568547246564 0)
C01008,CENTRO-SUL,POINT Z (-43.94141095299042 -19.91589597244321 0)
C01009,CENTRO-SUL,POINT Z (-43.94049755353201 -19.91611026799704 0)
C01010,CENTRO-SUL,POINT Z (-43.933962 -19.914876 0)
C01011,CENTRO-SUL,POINT Z (-43.93878236855542 -19.91483616918568 0)
C01012,CENTRO-SUL,POINT Z (-43.93761296851272 -19.91513066997728 0)
C01013,CENTRO-SUL,POINT Z (-43.93615232323809 -19.91535718692576 0)
C01014,CENTRO-SUL,POINT Z (-43.93767643252436 -19.91589306951919 0)
C01015,CENTRO-SUL,POINT Z (-43.93636488484196 -19.91621545132405 0)
C01016,CENTRO-SUL,POINT Z (-43.93360801171687 -19.91690418069833 0)
C01017,CENTRO-SUL,POINT Z (-43.93790764277044 -19.91673605188292 0)
C01018,CENTRO-SUL,POINT Z (-43.9353199012347 -19.91739451324039 0)
C01019,CENTRO-SUL,POINT Z (-43.94348690891827 -19.91669679262545 0)
C01020,CENTRO-SUL,POINT Z (-43.94259164706948 -19.916780781572 0)
C01021,CENTRO-SUL,POINT Z (-43.94171864179538 -19.91700536381014 0)
C01022,CENTRO-SUL,POINT Z (-43.94078135895744 -19.91721986321319 0)
C01023,CENTRO-SUL,POINT Z (-43.943906 -19.917742 0)
C01024,CENTRO-SUL,POINT Z (-43.942817 -19.918175 0)
C01025,CENTRO-SUL,POINT Z (-43.94116605138393 -19.91854215283084 0)
C01026,CENTRO-SUL,POINT Z (-43.94534561995314 -19.91871412022634 0)
C01027,CENTRO-SUL,POINT Z (-43.9441507998297 -19.91911688739488 0)
C01028,CENTRO-SUL,POINT Z (-43.93950168182722 -19.91771311384894 0)
C01029,CENTRO-SUL,POINT Z (-43.93822340793548 -19.91783881664124 0)
C01030,CENTRO-SUL,POINT Z (-43.93707168495782 -19.91811398226238 0)
C01031,CENTRO-SUL,POINT Z (-43.93999398275069 -19.91875331049805 0)
C01032,CENTRO-SUL,POINT Z (-43.93876611032564 -19.91896956229986 0)
C01033,CENTRO-SUL,POINT Z (-43.93725863054473 -19.91940521420169 0)
C01034,CENTRO-SUL,POINT Z (-43.940169 -19.919967 0)
C01035,CENTRO-SUL,POINT Z (-43.93896427196027 -19.92040570966733 0)
C01036,CENTRO-SUL,POINT Z (-43.937564 -19.920833 0)
C01037,CENTRO-SUL,POINT Z (-43.93524109725083 -19.91857418092967 0)
C01038,CENTRO-SUL,POINT Z (-43.934192 -19.918892 0)
C01039,CENTRO-SUL,POINT Z (-43.93641499778675 -19.9208777828923 0)
C01040,CENTRO-SUL,POINT Z (-43.93794422685639 -19.92181915312174 0)
C01041,CENTRO-SUL,POINT Z (-43.93664404443771 -19.92230572164936 0)
C01042,CENTRO-SUL,POINT Z (-43.93838660154672 -19.9231518491049 0)
C01043,CENTRO-SUL,POINT Z (-43.93864348820154 -19.92432851524897 0)
C01044,CENTRO-SUL,POINT Z (-43.93731973688414 -19.92466725376223 0)
C01045,CENTRO-SUL,POINT Z (-43.93607615167826 -19.92492435762265 0)
C01046,CENTRO-SUL,POINT Z (-43.94238896049325 -19.91943212510238 0)
C01047,CENTRO-SUL,POINT Z (-43.94163919068376 -19.91977324227405 0)
C01048,CENTRO-SUL,POINT Z (-43.94194330867207 -19.92095995632707 0)
C01049,CENTRO-SUL,POINT Z (-43.94064867594792 -19.92115623362942 0)
C01050,CENTRO-SUL,POINT Z (-43.9435227775063 -19.92183421247406 0)
C01051,CENTRO-SUL,POINT Z (-43.93959634337725 -19.9228240064822 0)
C01052,CENTRO-SUL,POINT Z (-43.94254575158033 -19.92349957478636 0)
C01053,CENTRO-SUL,POINT Z (-43.94117954796318 -19.92371429759445 0)
C01054,CENTRO-SUL,POINT Z (-43.9416619822518 -19.92483240629087 0)
C01055,CENTRO-SUL,POINT Z (-43.94706942580536 -19.91964923114632 0)
C01056,CENTRO-SUL,POINT Z (-43.94445728188555 -19.92023371408007 0)
C01057,CENTRO-SUL,POINT Z (-43.946139 -19.921147 0)
C01059,CENTRO-SUL,POINT Z (-43.94894175555652 -19.92182106403536 0)
C01060,CENTRO-SUL,POINT Z (-43.946533 -19.922411 0)
C01061,CENTRO-SUL,POINT Z (-43.94375039238913 -19.92308976854253 0)
C01062,CENTRO-SUL,POINT Z (-43.944747 -19.923397 0)
C01063,CENTRO-SUL,POINT Z (-43.94674001279953 -19.92363529384352 0)
C01064,CENTRO-SUL,POINT Z (-43.942206 -19.927464 0)
C01065,CENTRO-SUL,POINT Z (-43.94008239986433 -19.9343907542993 0)
C01066,CENTRO-SUL,POINT Z (-43.9388664442927 -19.93302082645423 0)
C01067,CENTRO-SUL,POINT Z (-43.93525194575533 -19.93701900135809 0)
C01068,CENTRO-SUL,POINT Z (-43.93819695026609 -19.93743552358981 0)
C01069,CENTRO-SUL,POINT Z (-43.9367761471301 -19.93786775082657 0)
C01070,CENTRO-SUL,POINT Z (-43.935633 -19.938036 0)
C01071,CENTRO-SUL,POINT Z (-43.93422452166016 -19.93852207767013 0)
C01072,CENTRO-SUL,POINT Z (-43.934556 -19.939764 0)
C01073,CENTRO-SUL,POINT Z (-43.93943109128726 -19.93193288262449 0)
C01074,CENTRO-SUL,POINT Z (-43.93912038470648 -19.93080256395309 0)
C01075,CENTRO-SUL,POINT Z (-43.93782238287686 -19.93324923703927 0)
C01076,CENTRO-SUL,POINT Z (-43.93775580147337 -19.93103228783344 0)
C01077,CENTRO-SUL,POINT Z (-43.93844872083306 -19.93144433884386 0)
C01078,CENTRO-SUL,POINT Z (-43.93753476039436 -19.93203740096804 0)
C01079,CENTRO-SUL,POINT Z (-43.93481031445666 -19.91732541083769 0)
C01080,CENTRO-SUL,POINT Z (-43.93376118923712 -19.91765177672218 0)
C01081,CENTRO-SUL,POINT Z (-43.9340606578607 -19.9160956662434 0)
C01083,CENTRO-SUL,POINT Z (-43.93849531259826 -19.91925651666099 0)
C01084,CENTRO-SUL,POINT Z (-43.93812824826234 -19.91387302150329 0)
C01085,CENTRO-SUL,POINT Z (-43.93476658172194 -19.920250640674 0)
C01087,CENTRO-SUL,POINT Z (-43.9572121661352 -19.92639276429634 0)
C01088,CENTRO-SUL,POINT Z (-43.95613751067288 -19.92795462260449 0)
C01089,CENTRO-SUL,POINT Z (-43.95155399123574 -19.92119667964627 0)
C01090,CENTRO-SUL,POINT Z (-43.95218510550805 -19.91848055503036 0)
C01091,CENTRO-SUL,POINT Z (-43.95409811285826 -19.92042852132546 0)
C01092,CENTRO-SUL,POINT Z (-43.95650116047037 -19.91887301609726 0)
C01093,CENTRO-SUL,POINT Z (-43.93257331766789 -19.92715921751177 0)
C01094,CENTRO-SUL,POINT Z (-43.92862435028321 -19.92807933374865 0)
C01095,CENTRO-SUL,POINT Z (-43.92545694620507 -19.92617569594147 0)
C01097,CENTRO-SUL,POINT Z (-43.92578913210924 -19.93257814404445 0)
C01098,CENTRO-SUL,POINT Z (-43.92808029143785 -19.93078028356416 0)
C01099,CENTRO-SUL,POINT Z (-43.93176145207805 -19.92980568941959 0)
C01100,CENTRO-SUL,POINT Z (-43.92910922387203 -19.93442413508086 0)
C01101 (C22901),OESTE,POINT Z (-43.95733560073906 -19.92948648659619 0)
C01102,CENTRO-SUL,POINT Z (-43.95171222530857 -19.92628314188534 0)
C01103,CENTRO-SUL,POINT Z (-43.94636310479116 -19.92767220833655 0)
C01104,CENTRO-SUL,POINT Z (-43.95060555053882 -19.92785565737487 0)
C01105,CENTRO-SUL,POINT Z (-43.95288135594554 -19.93122697267347 0)
C01106,CENTRO-SUL,POINT Z (-43.94935463181073 -19.93221918436922 0)
C01107,LESTE,POINT Z (-43.92242263515233 -19.92053183528294 0)
C01108,LESTE,POINT Z (-43.9214151124223 -19.92202594615845 0)
C01109 (C22902),LESTE,POINT Z (-43.91888207293331 -19.92258590625068 0)
C01110,CENTRO-SUL,POINT Z (-43.92207217154805 -19.92441566708805 0)
C01111,CENTRO-SUL,POINT Z (-43.92598170698736 -19.9235153322179 0)
C01112,CENTRO-SUL,POINT Z (-43.92558960860984 -19.9222517377682 0)
C01113 (C22903),LESTE,POINT Z (-43.92401152093282 -19.92120864258094 0)
C01114,CENTRO-SUL,POINT Z (-43.94777491191429 -19.91809561263275 0)
C01115,CENTRO-SUL,POINT Z (-43.95002835940644 -19.92019516868296 0)
C01118,CENTRO-SUL,POINT Z (-43.94644959645554 -19.91773773924717 0)
C01117,CENTRO-SUL,POINT Z (-43.9451861001035 -19.91757615514552 0)
C01116,CENTRO-SUL,POINT Z (-43.94479308472123 -19.91627501344056 0)
C13001,PAMPULHA,POINT Z (-43.95419884161712 -19.8369975717389 0)
C13002,NORTE,POINT Z (-43.95504241556704 -19.83580414889965 0)
C13003,NORTE,POINT Z (-43.95582510973929 -19.83481446777951 0)
C13004,NORTE,POINT Z (-43.9535508680382 -19.83054550283228 0)
C13005,NORTE,POINT Z (-43.9511971 -19.826705 0)
C13006,NORTE,POINT Z (-43.95135678797747 -19.82597786503833 0)
C13007,NORTE,POINT Z (-43.94464582305562 -19.82457839746904 0)
C13008,NORTE,POINT Z (-43.95217306704289 -19.82278405627523 0)
C13009,NORTE,POINT Z (-43.95250675799662 -19.8222437931911 0)
C13010,NORTE,POINT Z (-43.95186525770261 -19.82072176811096 0)
C13011,VENDA NOVA,POINT Z (-43.9493478292147 -19.81765697858297 0)
C13012,NORTE,POINT Z (-43.959614 -19.830022 0)
C13013,VENDA NOVA,POINT Z (-43.94661540982342 -19.81968849381477 0)
C13014,NORTE,POINT Z (-43.94514933929716 -19.82312512221384 0)
C13015,VENDA NOVA,POINT Z (-43.94866801390823 -19.81839707662888 0)
C13016,NORTE,POINT Z (-43.95994466637571 -19.82957165889357 0)
C13017,NORTE,POINT Z (-43.93249734710744 -19.84585852036651 0)
C13018,NORTE,POINT Z (-43.930345003194 -19.84644000586665 0)
C13019,NORTE,POINT Z (-43.92896296254009 -19.84510215957549 0)
C13020,NORTE,POINT Z (-43.92791045721852 -19.84443890121916 0)
C13021,NORTE,POINT Z (-43.92600357452097 -19.84421043264078 0)
C13022,NORTE,POINT Z (-43.92458255109086 -19.84408249648053 0)
C13023,NORTE,POINT Z (-43.92285851687857 -19.8445688979407 0)
C13024,NORTE,POINT Z (-43.92107314330638 -19.84553012260686 0)
C13025,NORTE,POINT Z (-43.91896702389452 -19.84676885839977 0)
C13026,NORTE,POINT Z (-43.91782290914206 -19.84420570864863 0)
C13027,NORTE,POINT Z (-43.91530411640394 -19.84585720583396 0)
C13028,NORTE,POINT Z (-43.91902157185979 -19.8428001078843 0)
C13029,NORTE,POINT Z (-43.91999401380314 -19.84214276344227 0)
C13030,NORTE,POINT Z (-43.9216588561677 -19.84129217512931 0)
C13031,NORTE,POINT Z (-43.92871556346676 -19.8415630831323 0)
C13032,NORTE,POINT Z (-43.93313687026281 -19.84382181023778 0)
C13033,VENDA NOVA,POINT Z (-43.9489175542156 -19.81514641008547 0)
C13035,PAMPULHA,POINT Z (-43.95988964362598 -19.85165242879189 0)
C13036,PAMPULHA,POINT Z (-43.95568170783122 -19.8518523796789 0)
C13037,PAMPULHA,POINT Z (-43.95742978786772 -19.85099296418582 0)
C13042,PAMPULHA,POINT Z (-43.96678491205044 -19.83958880909046 0)
C13901,PAMPULHA,POINT Z (-43.95199391826323 -19.87795289114236 0)
C13902,PAMPULHA,POINT Z (-43.96202936823171 -19.85227994623742 0)
C13903,PAMPULHA,POINT Z (-43.95996294142801 -19.85726078085591 0)
C13906,PAMPULHA,POINT Z (-43.96345169530753 -19.83313394849421 0)
C13908,PAMPULHA,POINT Z (-43.9279080380693 -19.86497870577872 0)
C13909 (C16178),NORTE,POINT Z (-43.92796682239702 -19.86347249901686 0)
C16001,LESTE,POINT Z (-43.91794364725393 -19.91597147819434 0)
C16002,LESTE,POINT Z (-43.91406387794329 -19.91552927566324 0)
C16003,LESTE,POINT Z (-43.91217933126605 -19.91654283327065 0)
C16004,LESTE,POINT Z (-43.91849319463342 -19.91157869038342 0)
C16005,LESTE,POINT Z (-43.91827700586871 -19.91089623648315 0)
C16006,LESTE,POINT Z (-43.92499024225771 -19.91162379717207 0)
C16007,LESTE,POINT Z (-43.92879764165144 -19.90815547374183 0)
C16008,LESTE,POINT Z (-43.92982527285901 -19.9120831447464 0)
C16009,LESTE,POINT Z (-43.92888348735458 -19.91352251255865 0)
C16010,LESTE,POINT Z (-43.91323795005017 -19.90528955213862 0)
C16012,LESTE,POINT Z (-43.91653610959057 -19.90973392263411 0)
C16013,LESTE,POINT Z (-43.91730073809572 -19.90946544354339 0)
C16014,LESTE,POINT Z (-43.91850843882204 -19.90916837237013 0)
C16015,LESTE,POINT Z (-43.91919976308144 -19.90867652654893 0)
C16016,LESTE,POINT Z (-43.919519 -19.907533 0)
C16017,LESTE,POINT Z (-43.9179753825468 -19.90784937214054 0)
C16018,LESTE,POINT Z (-43.91630032359505 -19.90805159444686 0)
C16019,LESTE,POINT Z (-43.93964335709696 -19.91128191988052 0)
C16020,NOROESTE,POINT Z (-43.94090721603954 -19.91180671294195 0)
C16021,LESTE,POINT Z (-43.92834504214879 -19.90218963742445 0)
C16022,NORDESTE,POINT Z (-43.92718872194121 -19.89508790368193 0)
C16023,NORDESTE,POINT Z (-43.92777925487248 -19.89793434286888 0)
C16024,NORDESTE,POINT Z (-43.92892412505849 -19.87744008910627 0)
C16025,NORDESTE,POINT Z (-43.92718534960858 -19.87122886783826 0)
C16026,NORDESTE,POINT Z (-43.92845518250066 -19.86769452400759 0)
C16028,NORDESTE,POINT Z (-43.92850902721658 -19.89084810189023 0)
C16029,NORDESTE,POINT Z (-43.92919306714702 -19.88473232312115 0)
C16030,NORDESTE,POINT Z (-43.92905011673874 -19.8890017806623 0)
C16031,NORDESTE,POINT Z (-43.92151538951937 -19.88916218457152 0)
C16032,NORDESTE,POINT Z (-43.92788990929541 -19.89289974407507 0)
C16033,NORDESTE,POINT Z (-43.92427170027437 -19.89374834420165 0)
C16034,LESTE,POINT Z (-43.91999140835478 -19.89096849937939 0)
C16035,NORDESTE,POINT Z (-43.92693717288817 -19.89284879968351 0)
C16036,NORDESTE,POINT Z (-43.92770823375514 -19.89063286216615 0)
C16037,NORDESTE,POINT Z (-43.92829312390803 -19.88909623964845 0)
C16038,NORDESTE,POINT Z (-43.92504148385385 -19.89099324420785 0)
C16039,NORDESTE,POINT Z (-43.92854562371095 -19.88141652780565 0)
C16040,NORDESTE,POINT Z (-43.92907588259119 -19.88696968110751 0)
C16041,NORDESTE,POINT Z (-43.92891674719952 -19.88350856001868 0)
C16042,NORDESTE,POINT Z (-43.92672988864958 -19.88826605849093 0)
C16043,NORDESTE,POINT Z (-43.92417369314376 -19.8907343737946 0)
C16044,NORDESTE,POINT Z (-43.92904724960694 -19.8786770794095 0)
C16045,NORDESTE,POINT Z (-43.92746138967678 -19.88639321036185 0)
C16046,NORDESTE,POINT Z (-43.92562758630726 -19.887448725948 0)
C16047,NORDESTE,POINT Z (-43.92422586349958 -19.88921230454061 0)
C16048,NORDESTE,POINT Z (-43.92615596679718 -19.88465477541591 0)
C16049,NORDESTE,POINT Z (-43.92337956158714 -19.88499583730088 0)
C16050,NORDESTE,POINT Z (-43.92842693063695 -19.88459549283273 0)
C16051,LESTE,POINT Z (-43.92548174426251 -19.91882534737314 0)
C16052,LESTE,POINT Z (-43.93078777972154 -19.91310079819705 0)
C16053,LESTE,POINT Z (-43.92835453435153 -19.91223933462698 0)
C16054,LESTE,POINT Z (-43.93048879657071 -19.91062225517522 0)
C16056,LESTE,POINT Z (-43.93235037348547 -19.91155950729091 0)
C16055,LESTE,POINT Z (-43.93226724809459 -19.9094648050493 0)
C16057,LESTE,POINT Z (-43.93675684710474 -19.91244380236966 0)
C16058,LESTE,POINT Z (-43.93818629300411 -19.90957816547409 0)
C16060,LESTE,POINT Z (-43.93434848705152 -19.91019873259297 0)
C16061,LESTE,POINT Z (-43.93605400850333 -19.90516972729391 0)
C16062,LESTE,POINT Z (-43.93137023645355 -19.9096312226102 0)
C16063,LESTE,POINT Z (-43.93585248229157 -19.90883142781486 0)
C16064,LESTE,POINT Z (-43.93704922080722 -19.90815900851055 0)
C16065,LESTE,POINT Z (-43.93445513154755 -19.9074092372146 0)
C16066,NORDESTE,POINT Z (-43.93877985620533 -19.90659791814332 0)
C16067,LESTE,POINT Z (-43.92548467823304 -19.91449137278779 0)
C16068,LESTE,POINT Z (-43.93220076177352 -19.90675518791293 0)
C16069,LESTE,POINT Z (-43.93118879612366 -19.90360066328307 0)
C16070,LESTE,POINT Z (-43.93294783522477 -19.90469332981084 0)
C16071,LESTE,POINT Z (-43.93257867989383 -19.90388759301367 0)
C16072,LESTE,POINT Z (-43.92994974564953 -19.90700558234653 0)
C16074,LESTE,POINT Z (-43.917864 -19.909073 0)
C16076,NORDESTE,POINT Z (-43.89669548606587 -19.84535003798081 0)
C16077,NORDESTE,POINT Z (-43.89442522355502 -19.84186462273242 0)
C16078,NORDESTE,POINT Z (-43.91128860982146 -19.85854819974971 0)
C16079,NORDESTE,POINT Z (-43.91859169403618 -19.86044290130621 0)
C16080,LESTE,POINT Z (-43.91281119517029 -19.88602661302338 0)
C16081,NORDESTE,POINT Z (-43.90504373013383 -19.87540165302747 0)
C16082,NORDESTE,POINT Z (-43.90336582093028 -19.87288766561482 0)
C16083,NORDESTE,POINT Z (-43.90330186952004 -19.87047001274054 0)
C16084,NORDESTE,POINT Z (-43.90406630317457 -19.86801242990359 0)
C16085,NORDESTE,POINT Z (-43.90231397595615 -19.86605095828623 0)
C16086,NORDESTE,POINT Z (-43.90037260397386 -19.86591666970751 0)
C16087,NORDESTE,POINT Z (-43.90505123867152 -19.86084845380732 0)
C16088,NORDESTE,POINT Z (-43.90567130054038 -19.85816689348089 0)
C16089,NORDESTE,POINT Z (-43.9000325945218 -19.85704613284776 0)
C16090,NORDESTE,POINT Z (-43.89802275846842 -19.85089343675018 0)
C16091,NORDESTE,POINT Z (-43.91204869580042 -19.86163334907886 0)
C16092,LESTE,POINT Z (-43.89797786655871 -19.89433386414958 0)
C16093,LESTE,POINT Z (-43.90668910041326 -19.89485224774205 0)
C16094,NORDESTE,POINT Z (-43.89955082778331 -19.85520222528637 0)
C16095,NORDESTE,POINT Z (-43.89902970170478 -19.85260779452012 0)
C16096,NORDESTE,POINT Z (-43.90843687014305 -19.8624050316654 0)
C16097,NORDESTE,POINT Z (-43.89887638282107 -19.85017077858481 0)
C16098,LESTE,POINT Z (-43.89415324127546 -19.89672475413967 0)
C16099,NORDESTE,POINT Z (-43.89472511483714 -19.85121742491437 0)
C16100,LESTE,POINT Z (-43.90150321318302 -19.88618906577661 0)
C16101,LESTE,POINT Z (-43.90401377833525 -19.89114198364534 0)
C16103,LESTE,POINT Z (-43.89681139491982 -19.88596232221725 0)
C16104,LESTE,POINT Z (-43.89632006960854 -19.8883075071525 0)
C16105,NORDESTE,POINT Z (-43.89320050409625 -19.84034097799106 0)
C16106,NORDESTE,POINT Z (-43.8903454601399 -19.834732705836 0)
C16107,NORDESTE,POINT Z (-43.88931981796792 -19.83301327638088 0)
C16108,NORDESTE,POINT Z (-43.89103365358992 -19.83257559221061 0)
C16110,NORDESTE,POINT Z (-43.89787967359873 -19.84861513028942 0)
C16111,LESTE,POINT Z (-43.89794635142536 -19.89927134284542 0)
C16112,LESTE,POINT Z (-43.898392 -19.897939 0)
C16113,LESTE,POINT Z (-43.90385491648999 -19.89859544659726 0)
C16114,LESTE,POINT Z (-43.91068151335688 -19.89407471089008 0)
C16115,LESTE,POINT Z (-43.90698656534543 -19.89131057842588 0)
C16116,LESTE,POINT Z (-43.90569336224507 -19.8889704057401 0)
C16117,LESTE,POINT Z (-43.90880474923623 -19.8885715622685 0)
C16118,LESTE,POINT Z (-43.90586717824987 -19.88645023697955 0)
C16119,LESTE,POINT Z (-43.90631059920073 -19.88525602674906 0)
C16120,LESTE,POINT Z (-43.90931404139442 -19.88553482962279 0)
C16121,LESTE,POINT Z (-43.9054529629638 -19.895888624193 0)
C16122,LESTE,POINT Z (-43.90790973982929 -19.88334618869044 0)
C16123,LESTE,POINT Z (-43.9086384467668 -19.8802325876338 0)
C16124,LESTE,POINT Z (-43.90917242888823 -19.87752129747613 0)
C16125,LESTE,POINT Z (-43.910839 -19.879578 0)
C16127,LESTE,POINT Z (-43.91433652662808 -19.88200444141084 0)
C16128,LESTE,POINT Z (-43.90124866178664 -19.89509074115114 0)
C16129,NORDESTE,POINT Z (-43.94225236930465 -19.88445632522207 0)
C16130,NORDESTE,POINT Z (-43.94457889363589 -19.88697213122323 0)
C16131,NORDESTE,POINT Z (-43.94852232336452 -19.88478893400955 0)
C16132,NORDESTE,POINT Z (-43.93748179522859 -19.89558297754128 0)
C16133,NORDESTE,POINT Z (-43.9410086384271 -19.89978919545938 0)
C16134,NORDESTE,POINT Z (-43.93581551568813 -19.90205633575603 0)
C16135,NORDESTE,POINT Z (-43.93400120463077 -19.90316562820543 0)
C16136,NORDESTE,POINT Z (-43.93051757008103 -19.89788031084064 0)
C16137,NORDESTE,POINT Z (-43.9343227025721 -19.89829811180514 0)
C16138,NORDESTE,POINT Z (-43.93318720110071 -19.90210789061663 0)
C16139,LESTE,POINT Z (-43.91114211852498 -19.90754182763353 0)
C16140,LESTE,POINT Z (-43.91303201598834 -19.90210039779494 0)
C16141,LESTE,POINT Z (-43.91167585916116 -19.89817296620109 0)
C16143,NORDESTE,POINT Z (-43.93308459506051 -19.88154752235637 0)
C16144,NORDESTE,POINT Z (-43.93247987793592 -19.88284776903992 0)
C16145,NORDESTE,POINT Z (-43.93082305861579 -19.88438940591761 0)
C16146,NORDESTE,POINT Z (-43.93289425736749 -19.88497691499221 0)
C16147,NORDESTE,POINT Z (-43.93463262631662 -19.88332501884444 0)
C16148,NORDESTE,POINT Z (-43.93573097328381 -19.88653345166066 0)
C16150,NORDESTE,POINT Z (-43.93329741102296 -19.87530538674287 0)
C16151,NORDESTE,POINT Z (-43.93743490078602 -19.87453932569957 0)
C16152,NORDESTE,POINT Z (-43.94067647347568 -19.87280202754056 0)
C16153,NORDESTE,POINT Z (-43.9407614592745 -19.87057829163625 0)
C16154,NORDESTE,POINT Z (-43.94265612979085 -19.87162286090297 0)
C16155,NORDESTE,POINT Z (-43.93595672254984 -19.88941513860302 0)
C16156,NORDESTE,POINT Z (-43.93633817497438 -19.89231235765013 0)
C16157,NORDESTE,POINT Z (-43.93624696971057 -19.89408683734714 0)
C16158,NORDESTE,POINT Z (-43.93438433491789 -19.87771336925731 0)
C16159,NORDESTE,POINT Z (-43.93995738972328 -19.87600338276177 0)
C16160,NORDESTE,POINT Z (-43.94610348156579 -19.87363690197312 0)
C16161,NORDESTE,POINT Z (-43.94834668105489 -19.87571286307406 0)
C16162,NORDESTE,POINT Z (-43.9408156958501 -19.8798581282783 0)
C16163,NORDESTE,POINT Z (-43.93567006677232 -19.88071563421556 0)
C16164,NORDESTE,POINT Z (-43.93690170254829 -19.88292615514824 0)
C16165,NORDESTE,POINT Z (-43.9400697868933 -19.88321178685755 0)
C16166,LESTE,POINT Z (-43.91533696828363 -19.90625675391611 0)
C16167,LESTE,POINT Z (-43.91905465222857 -19.90368753037755 0)
C16168,LESTE,POINT Z (-43.92110148887331 -19.90175842587641 0)
C16169,LESTE,POINT Z (-43.91896477669356 -19.89979585260352 0)
C16170,LESTE,POINT Z (-43.92125849036173 -19.89421651894887 0)
C16172,LESTE,POINT Z (-43.924381 -19.906381 0)
C16173,LESTE,POINT Z (-43.92605478795892 -19.90655299952912 0)
C16174,LESTE,POINT Z (-43.92820935691842 -19.90622952099097 0)
C16175,NORDESTE,POINT Z (-43.92388013368876 -19.87230781046351 0)
C16176,NORDESTE,POINT Z (-43.92414446761801 -19.86703294056258 0)
C16177,NORDESTE,POINT Z (-43.92547527049418 -19.8673557030497 0)
C16179,LESTE,POINT Z (-43.92276189464004 -19.9195374202577 0)
C16180,LESTE,POINT Z (-43.92555701165952 -19.91692371326831 0)
C16181,LESTE,POINT Z (-43.92247056182085 -19.91532755980655 0)
C16182,LESTE,POINT Z (-43.91867017294705 -19.91709850786816 0)
C16183,LESTE,POINT Z (-43.91409570859077 -19.91728648355684 0)
C16184,LESTE,POINT Z (-43.9104092410691 -19.91592821898668 0)
C16185,LESTE,POINT Z (-43.91484662847699 -19.90943062982781 0)
C16186,NORDESTE,POINT Z (-43.91881327830013 -19.88225097131008 0)
C16187,NORDESTE,POINT Z (-43.92134239855685 -19.88393419503857 0)
C16188,NORDESTE,POINT Z (-43.92195538321476 -19.88136009218562 0)
C16190,NORDESTE,POINT Z (-43.92702428857926 -19.88186863914737 0)
C22001,CENTRO-SUL,POINT Z (-43.9086667640471 -19.93998500567242 0)
C22002,CENTRO-SUL,POINT Z (-43.91442237789608 -19.9432851632321 0)
C22003,CENTRO-SUL,POINT Z (-43.91270597776234 -19.94048996437359 0)
C22004,CENTRO-SUL,POINT Z (-43.91253231586381 -19.94212311581975 0)
C22005,CENTRO-SUL,POINT Z (-43.9128673630996 -19.93948482309004 0)
C22006,CENTRO-SUL,POINT Z (-43.91401156914653 -19.93821428030105 0)
C22007,CENTRO-SUL,POINT Z (-43.91770249793051 -19.93510472497464 0)
C22008,CENTRO-SUL,POINT Z (-43.92213364512713 -19.94156575670991 0)
C22009,CENTRO-SUL,POINT Z (-43.91981674240321 -19.93901196929998 0)
C22010,CENTRO-SUL,POINT Z (-43.92291095718249 -19.93516006793249 0)
C22011,CENTRO-SUL,POINT Z (-43.92462226011701 -19.9359345592745 0)
C22012,CENTRO-SUL,POINT Z (-43.91769464988335 -19.94622378613896 0)
C22013,CENTRO-SUL,POINT Z (-43.91804914364985 -19.94801268818914 0)
C22014,CENTRO-SUL,POINT Z (-43.9147407305988 -19.93957039223637 0)
C22015,CENTRO-SUL,POINT Z (-43.9171214790721 -19.93765848572451 0)
C22016,CENTRO-SUL,POINT Z (-43.92353584881318 -19.93479442249805 0)
C22017,CENTRO-SUL,POINT Z (-43.92401935406185 -19.94060345345072 0)
C22018,CENTRO-SUL,POINT Z (-43.921997 -19.944292 0)
C22019,CENTRO-SUL,POINT Z (-43.9199493371299 -19.94390908553928 0)
C22020,CENTRO-SUL,POINT Z (-43.91144220085297 -19.93760761444141 0)
C22021,CENTRO-SUL,POINT Z (-43.91033384225425 -19.93958866797832 0)
C22022,CENTRO-SUL,POINT Z (-43.91698513522092 -19.9369537286136 0)
C22024,CENTRO-SUL,POINT Z (-43.90576127422467 -19.93419202768514 0)
C22025,CENTRO-SUL,POINT Z (-43.91138680231616 -19.93793480738814 0)
C22026,CENTRO-SUL,POINT Z (-43.91745833529406 -19.93359840504533 0)
C22027,CENTRO-SUL,POINT Z (-43.92469686867906 -19.93425301793811 0)
C22028,CENTRO-SUL,POINT Z (-43.91272243261102 -19.94090218075065 0)
C22029,CENTRO-SUL,POINT Z (-43.91075830830468 -19.94161952916428 0)
C22030,CENTRO-SUL,POINT Z (-43.91984641429946 -19.94945597331764 0)
C22031,CENTRO-SUL,POINT Z (-43.91402612356778 -19.95748364454054 0)
C22032,CENTRO-SUL,POINT Z (-43.91521917557709 -19.95610068263008 0)
C22033,CENTRO-SUL,POINT Z (-43.91431096599521 -19.95830505960712 0)
C22036,CENTRO-SUL,POINT Z (-43.91464345393118 -19.93830692632871 0)
C22037,CENTRO-SUL,POINT Z (-43.91826101632843 -19.93733872366416 0)
C22038,CENTRO-SUL,POINT Z (-43.90757872358881 -19.93137173155215 0)
C22039,CENTRO-SUL,POINT Z (-43.915416526817 -19.93194345622062 0)
C22040,CENTRO-SUL,POINT Z (-43.9243 -19.93175805101619 0)
C22041,CENTRO-SUL,POINT Z (-43.91825279792016 -19.93311680836642 0)
C22042,CENTRO-SUL,POINT Z (-43.91943482056854 -19.93037638952779 0)
C22043,CENTRO-SUL,POINT Z (-43.91660444467019 -19.93052032202599 0)
C22044,CENTRO-SUL,POINT Z (-43.91834547213936 -19.92826749675335 0)
C22045,CENTRO-SUL,POINT Z (-43.9062052315383 -19.93503489230159 0)
C22046,CENTRO-SUL,POINT Z (-43.91425559883394 -19.93086221842109 0)
C22047,CENTRO-SUL,POINT Z (-43.92881185579375 -19.96030098760714 0)
C22048,CENTRO-SUL,POINT Z (-43.93081587787351 -19.95750583968888 0)
C22049,CENTRO-SUL,POINT Z (-43.9336520836028 -19.95712562074142 0)
C22050,CENTRO-SUL,POINT Z (-43.91514105397444 -19.94365522575974 0)
C22051,CENTRO-SUL,POINT Z (-43.9107407847729 -19.9437420118603 0)
C22052,CENTRO-SUL,POINT Z (-43.922421225039 -19.94497570079522 0)
C22053,CENTRO-SUL,POINT Z (-43.91543262531744 -19.94178147461161 0)
C22054,CENTRO-SUL,POINT Z (-43.91799659789526 -19.93002466960843 0)
C22055,CENTRO-SUL,POINT Z (-43.91856487714716 -19.92899169718768 0)
C22056,CENTRO-SUL,POINT Z (-43.92565357331421 -19.9389870589941 0)
C22057,CENTRO-SUL,POINT Z (-43.92579105437477 -19.93975182096044 0)
C22058,CENTRO-SUL,POINT Z (-43.93231946858197 -19.95086207755315 0)
C22059,CENTRO-SUL,POINT Z (-43.9203562781001 -19.95570283430891 0)
C22060,CENTRO-SUL,POINT Z (-43.92260236167683 -19.95235055940766 0)
C22061,CENTRO-SUL,POINT Z (-43.91839306327525 -19.93156266330531 0)
C22062,CENTRO-SUL,POINT Z (-43.90881799704935 -19.92956476054921 0)
C22063,CENTRO-SUL,POINT Z (-43.91933817635581 -19.93516085923872 0)
C22064,CENTRO-SUL,POINT Z (-43.91594605587444 -19.93438016069425 0)
C22065,CENTRO-SUL,POINT Z (-43.94137649751576 -19.95765265747776 0)
C22066,CENTRO-SUL,POINT Z (-43.93941567656374 -19.96164250116157 0)
C22067,CENTRO-SUL,POINT Z (-43.93494674869535 -19.96752774488889 0)
C22068,CENTRO-SUL,POINT Z (-43.9352041207134 -19.97376231539184 0)
C22069,CENTRO-SUL,POINT Z (-43.94058400496139 -19.97429850618774 0)
C22070,CENTRO-SUL,POINT Z (-43.94247759873122 -19.97488399125191 0)
C22071,CENTRO-SUL,POINT Z (-43.94223841381863 -19.97007129817682 0)
C22072,CENTRO-SUL,POINT Z (-43.94455674081087 -19.97121847384918 0)
C22073,CENTRO-SUL,POINT Z (-43.95377434181304 -19.94101429577621 0)
C22074,CENTRO-SUL,POINT Z (-43.95121072091404 -19.94555783965133 0)
C22075,CENTRO-SUL,POINT Z (-43.95755528330928 -19.94555077705496 0)
C22076,OESTE,POINT Z (-43.96119021869283 -19.95069205426571 0)
C22077,CENTRO-SUL,POINT Z (-43.95928753788652 -19.95127283450894 0)
C22078,CENTRO-SUL,POINT Z (-43.93517015942674 -19.94745238816143 0)
C22079,CENTRO-SUL,POINT Z (-43.93433835216796 -19.94897471729385 0)
C22080,CENTRO-SUL,POINT Z (-43.9327722584114 -19.95244426360858 0)
C22081,CENTRO-SUL,POINT Z (-43.93107809581502 -19.953754862831 0)
C22082,CENTRO-SUL,POINT Z (-43.93718203111557 -19.95409155233859 0)
C22083,CENTRO-SUL,POINT Z (-43.93794142742853 -19.95186654524339 0)
C22084,CENTRO-SUL,POINT Z (-43.93994023786442 -19.95500690936489 0)
C22085,CENTRO-SUL,POINT Z (-43.94587005222917 -19.95880424146094 0)
C22086,CENTRO-SUL,POINT Z (-43.94491841427106 -19.96140832329179 0)
C22087,CENTRO-SUL,POINT Z (-43.94386145347669 -19.96731895573852 0)
C22088,OESTE,POINT Z (-43.94682221504646 -19.97459775265827 0)
C22089 (C05902),CENTRO-SUL,POINT Z (-43.948861 -19.971908 0)
C22090 (C05903),OESTE,POINT Z (-43.9544346856941 -19.96867394004987 0)
C22091,CENTRO-SUL,POINT Z (-43.95148663900311 -19.96732220583419 0)
C22092,CENTRO-SUL,POINT Z (-43.9493937404932 -19.9648647791168 0)
C22093,CENTRO-SUL,POINT Z (-43.95004149837626 -19.96194491352196 0)
C22094 (C05904),CENTRO-SUL,POINT Z (-43.95701663990072 -19.95838972528871 0)
C22095,CENTRO-SUL,POINT Z (-43.95027740021541 -19.95388528111225 0)
C22096 (C22034),CENTRO-SUL,POINT Z (-43.94758458668296 -19.9512488271208 0)
C22097,LESTE,POINT Z (-43.89249355144315 -19.91539477282716 0)
C22098,LESTE,POINT Z (-43.89535444287588 -19.90511763752237 0)
C22099,LESTE,POINT Z (-43.89823850826102 -19.90516232889889 0)
C22100,LESTE,POINT Z (-43.89413002719967 -19.91026930169232 0)
C22101,LESTE,POINT Z (-43.8966824671544 -19.91218318778248 0)
C22102,LESTE,POINT Z (-43.8932147396942 -19.91813035794422 0)
C22103,LESTE,POINT Z (-43.8960532742953 -19.91059602187664 0)
C22104,LESTE,POINT Z (-43.90007790008884 -19.91145047259938 0)
C34101,NOROESTE,POINT Z (-44.00214745359812 -19.91203196201835 0)
C34102,NOROESTE,POINT Z (-44.00363260374761 -19.90946569392797 0)
C34103,NOROESTE,POINT Z (-44.00241579189594 -19.90848400989865 0)
C34104,NOROESTE,POINT Z (-44.003589 -19.906783 0)
C34105,NOROESTE,POINT Z (-44.00612302749952 -19.904204063925 0)
C34106,NOROESTE,POINT Z (-44.007664 -19.899053 0)
C34107,NOROESTE,POINT Z (-44.017758 -19.907808 0)
C34108,NOROESTE,POINT Z (-44.021806 -19.911992 0)
C34109,NOROESTE,POINT Z (-44.019789 -19.902811 0)
C34110,NOROESTE,POINT Z (-43.99839159629087 -19.9087417096776 0)
C34111,NOROESTE,POINT Z (-43.99986280382708 -19.90579118134973 0)
C34112,NOROESTE,POINT Z (-44.00362209771329 -19.90317403094325 0)
C34113,PAMPULHA,POINT Z (-44.00444924761268 -19.90131203258514 0)
C34114,NOROESTE,POINT Z (-44.00553697158134 -19.8992634605927 0)
C34115,NOROESTE,POINT Z (-44.01016172249795 -19.89487993851207 0)
C34116,PAMPULHA,POINT Z (-44.012697 -19.889317 0)
C34117,NOROESTE,POINT Z (-44.01393280781398 -19.89110518564516 0)
C34118,PAMPULHA,POINT Z (-44.01212521058058 -19.88377088374133 0)
C34119,PAMPULHA,POINT Z (-44.01151743809261 -19.88060139234913 0)
C34120,NOROESTE,POINT Z (-44.00565772643264 -19.92251542600004 0)
C34121,NOROESTE,POINT Z (-44.00585815010329 -19.9241674947027 0)
C34132,NOROESTE,POINT Z (-43.98539135026012 -19.92129734078463 0)
C34201,NOROESTE,POINT Z (-43.97139761444588 -19.91526459361217 0)
C34202,NOROESTE,POINT Z (-43.97438490227067 -19.91510455697525 0)
C34203,NOROESTE,POINT Z (-43.97554328726331 -19.91605154630996 0)
C34204,NOROESTE,POINT Z (-43.9765812209267 -19.91494606239918 0)
C34205,NOROESTE,POINT Z (-43.97869627276022 -19.91487694561375 0)
C34206,NOROESTE,POINT Z (-43.98072673194906 -19.91492574970288 0)
C34207,NOROESTE,POINT Z (-43.98811345218434 -19.91432810376503 0)
C34208,NOROESTE,POINT Z (-43.9892733850848 -19.91417205865509 0)
C34209,NOROESTE,POINT Z (-43.99180927668353 -19.9138157188878 0)
C34210,NOROESTE,POINT Z (-43.98751094925789 -19.9269229758354 0)
C34211,NOROESTE,POINT Z (-43.98965999918497 -19.92576476695392 0)
C34212,NOROESTE,POINT Z (-43.99187096881672 -19.92666072672872 0)
C34213,NOROESTE,POINT Z (-43.99321932243717 -19.92639585383453 0)
C34214,NOROESTE,POINT Z (-43.99773221537494 -19.92542523321261 0)
C34215,NOROESTE,POINT Z (-43.99141566994984 -19.92439327558138 0)
C34216,NOROESTE,POINT Z (-43.99608273208889 -19.92338284915062 0)
C34217,NOROESTE,POINT Z (-43.98711127293369 -19.91960715879349 0)
C34219,NOROESTE,POINT Z (-43.97744053790738 -19.90369686553211 0)
C34220,NOROESTE,POINT Z (-43.9774017038226 -19.90652025760541 0)
C34221,NOROESTE,POINT Z (-43.96966016387277 -19.90634263710618 0)
C34222,NOROESTE,POINT Z (-43.970719 -19.901042 0)
C34223,NOROESTE,POINT Z (-43.97666299912236 -19.91899270899722 0)
C34224,NOROESTE,POINT Z (-43.97995370835282 -19.92091081492627 0)
C34225,NOROESTE,POINT Z (-43.96410015295975 -19.91191016625377 0)
C34226,NOROESTE,POINT Z (-43.96074718624841 -19.91202733601168 0)
C34227,NOROESTE,POINT Z (-43.95385 -19.915094 0)
C34228,NOROESTE,POINT Z (-43.94875924232782 -19.91666573144784 0)
C34229,NOROESTE,POINT Z (-43.952231 -19.914222 0)
C34230,NOROESTE,POINT Z (-43.95738661623751 -19.90911342353356 0)
C34231,NOROESTE,POINT Z (-43.97387357048301 -19.91253010027086 0)
C34232,NOROESTE,POINT Z (-43.98200915566113 -19.91048291110622 0)
C34233,PAMPULHA,POINT Z (-43.98753760463081 -19.90457090760195 0)
C34234,NOROESTE,POINT Z (-43.96633153975295 -19.89109982281592 0)
C34235,NOROESTE,POINT Z (-43.96245643219368 -19.90844842169025 0)
C34236,NOROESTE,POINT Z (-43.99363842095654 -19.91350719305958 0)
C34301,PAMPULHA,POINT Z (-43.97178676754131 -19.86936988156342 0)
C34302,PAMPULHA,POINT Z (-43.97271272074128 -19.86694178221833 0)
C34303,PAMPULHA,POINT Z (-43.97362020269169 -19.86406256981832 0)
C34304,PAMPULHA,POINT Z (-43.97126497746738 -19.8631157662995 0)
C34305,PAMPULHA,POINT Z (-43.97036854312923 -19.86296685732432 0)
C34306,PAMPULHA,POINT Z (-43.97002511455985 -19.86392363669379 0)
C34307,PAMPULHA,POINT Z (-43.96955986873955 -19.86518602036788 0)
C34308,PAMPULHA,POINT Z (-43.96892891464346 -19.86777457095955 0)
C34309,PAMPULHA,POINT Z (-43.96941928450921 -19.86282320078881 0)
C34310,PAMPULHA,POINT Z (-43.9743618989212 -19.86278667080287 0)
C34311,PAMPULHA,POINT Z (-43.975192 -19.860719 0)
C34312,PAMPULHA,POINT Z (-43.97278080030465 -19.86065856508828 0)
C34313,PAMPULHA,POINT Z (-43.97134100698229 -19.86106537588465 0)
C34314,PAMPULHA,POINT Z (-43.96775230270301 -19.86208254472692 0)
C34315,PAMPULHA,POINT Z (-43.9661883695903 -19.86154589616305 0)
C34316,PAMPULHA,POINT Z (-43.96382426217697 -19.86091462060274 0)
C34317,PAMPULHA,POINT Z (-43.96241294156966 -19.86013473859662 0)
C34318,PAMPULHA,POINT Z (-43.9596127152639 -19.85941636848187 0)
C34319,PAMPULHA,POINT Z (-43.95801914473996 -19.86299232502811 0)
C34320 (C13904),PAMPULHA,POINT Z (-43.95456169454013 -19.87161201718137 0)
C34323,PAMPULHA,POINT Z (-43.97631435236339 -19.86535099341564 0)
C34324,PAMPULHA,POINT Z (-43.97592843387967 -19.86755975514085 0)
C34325,PAMPULHA,POINT Z (-43.97612839701799 -19.870176738526 0)
C34326,PAMPULHA,POINT Z (-43.97706279760483 -19.87385426332214 0)
C34327,PAMPULHA,POINT Z (-43.97946292876387 -19.87153431255368 0)
C34328,PAMPULHA,POINT Z (-43.976756 -19.877219 0)
C34329,PAMPULHA,POINT Z (-43.97949483595384 -19.85866655104346 0)
C34330,PAMPULHA,POINT Z (-43.97605464169757 -19.86272402649629 0)
C34331,PAMPULHA,POINT Z (-43.97691152038634 -19.85801261961089 0)
C34332,PAMPULHA,POINT Z (-43.97617297962885 -19.85478457395334 0)
C34333,PAMPULHA,POINT Z (-43.97301454061157 -19.85494322505609 0)
C34334,PAMPULHA,POINT Z (-43.97162078901041 -19.8573287609519 0)
C34335,PAMPULHA,POINT Z (-43.96853290453795 -19.8544052937909 0)
C34338,PAMPULHA,POINT Z (-43.96702681034569 -19.85946638039441 0)
C34339,PAMPULHA,POINT Z (-43.96467405553751 -19.85867649419201 0)
C34340,PAMPULHA,POINT Z (-43.96125485711914 -19.85752146096653 0)
C34342,PAMPULHA,POINT Z (-43.98771609666179 -19.87398889340206 0)
C34343,PAMPULHA,POINT Z (-43.9866592975763 -19.87118973439741 0)
C34344,PAMPULHA,POINT Z (-43.98500389347949 -19.87263944197436 0)
C34401,NOROESTE,POINT Z (-43.946819 -19.9035 0)
C34402,NOROESTE,POINT Z (-43.94811840797342 -19.90182335102478 0)
C34403,NOROESTE,POINT Z (-43.94813325449476 -19.901350939938 0)
C34404,NOROESTE,POINT Z (-43.947503 -19.901069 0)
C34405,NOROESTE,POINT Z (-43.94742423381341 -19.8994424071046 0)
C34406,NOROESTE,POINT Z (-43.948719 -19.900247 0)
C34407,NOROESTE,POINT Z (-43.95050553292066 -19.90142654411778 0)
C34408,NOROESTE,POINT Z (-43.95223241000431 -19.90227583622356 0)
C34409,NOROESTE,POINT Z (-43.951581 -19.904258 0)
C34410,NOROESTE,POINT Z (-43.949864 -19.904583 0)
C34411,NOROESTE,POINT Z (-43.94726677917942 -19.90467198228351 0)
C34412,NOROESTE,POINT Z (-43.947003 -19.906781 0)
C34413,NOROESTE,POINT Z (-43.94838284441438 -19.90576142722135 0)
C34415,NOROESTE,POINT Z (-43.948886 -19.908169 0)
C34416,NOROESTE,POINT Z (-43.94191073925135 -19.91113176918539 0)
C34417,NOROESTE,POINT Z (-43.943211 -19.912131 0)
C34418,NOROESTE,POINT Z (-43.948028 -19.912703 0)
C34419,NOROESTE,POINT Z (-43.9643648488794 -19.90193597391054 0)
C34420,NORDESTE,POINT Z (-43.95067124124277 -19.88377086514878 0)
C34421,NORDESTE,POINT Z (-43.94951488551172 -19.88998563443008 0)
C34422,NOROESTE,POINT Z (-43.94878191518525 -19.89723984670577 0)
C34423,NOROESTE,POINT Z (-43.94626537800301 -19.90056921637985 0)
C34424,NOROESTE,POINT Z (-43.9435736534059 -19.9073429075042 0)
C34425,NOROESTE,POINT Z (-43.96800638018493 -19.88812174435169 0)
C34427,PAMPULHA,POINT Z (-43.97032200634878 -19.86926314801455 0)
BA-01,BARREIRO,POINT Z (-44.01665541809825 -19.99461784354442 0)
BA-03,BARREIRO,POINT Z (-44.02481883970379 -19.98402129776883 0)
C41001,BARREIRO,POINT Z (-44.01251905660128 -19.97540348811348 0)
C41002,BARREIRO,POINT Z (-44.01559842148054 -19.97606961609852 0)
C41003,BARREIRO,POINT Z (-44.01722613579546 -19.97629624283858 0)
C41004,BARREIRO,POINT Z (-44.01954982305094 -19.97680647476536 0)
C41005,BARREIRO,POINT Z (-44.0216765685058 -19.97737145143382 0)
C41006,BARREIRO,POINT Z (-44.02870416526255 -19.98027951167613 0)
C41007,BARREIRO,POINT Z (-44.02664296518957 -19.9784418664281 0)
C41008,BARREIRO,POINT Z (-44.02428999768917 -19.97780457738638 0)
C41009,BARREIRO,POINT Z (-44.01728304252308 -19.97273594824266 0)
C41010,BARREIRO,POINT Z (-44.01888649314526 -19.9735737198485 0)
C41011,BARREIRO,POINT Z (-44.02158060062436 -19.97479781994748 0)
C41012,BARREIRO,POINT Z (-44.02412167813059 -19.97607126074041 0)
C41013,BARREIRO,POINT Z (-44.03468195620299 -19.99458055123571 0)
C41014,BARREIRO,POINT Z (-44.02768955947713 -19.97942590180968 0)
C41015,BARREIRO,POINT Z (-44.0161197125571 -19.97372701688767 0)
C41016,BARREIRO,POINT Z (-44.01787549175126 -19.974013396986 0)
C41017,BARREIRO,POINT Z (-44.01305416906465 -19.97398173248289 0)
C41018,BARREIRO,POINT Z (-44.01504647978265 -19.97462456321816 0)
C41019,BARREIRO,POINT Z (-44.02294178346888 -19.97753190515611 0)
C41020,BARREIRO,POINT Z (-44.01452658294704 -19.97702849662654 0)
C41021,BARREIRO,POINT Z (-44.01103624152022 -19.97787990391687 0)
C41022,BARREIRO,POINT Z (-44.00955844233879 -19.98384321404122 0)
C41023,BARREIRO,POINT Z (-44.00878730338044 -19.98741224024604 0)
C41024,BARREIRO,POINT Z (-44.00730798224251 -19.98661556903017 0)
C41025,BARREIRO,POINT Z (-44.00805697048449 -19.98912465887016 0)
C41026,BARREIRO,POINT Z (-44.00612059485238 -19.99595574368914 0)
C41027,BARREIRO,POINT Z (-44.00694387255478 -19.99624135281871 0)
C41028,BARREIRO,POINT Z (-44.00823625101284 -19.99676507188276 0)
C41029,BARREIRO,POINT Z (-44.03506911260915 -20.00487864150765 0)
C41030,BARREIRO,POINT Z (-43.99761772262787 -19.98927892535026 0)
C41031,BARREIRO,POINT Z (-43.99956077359222 -19.99118202807395 0)
C41032,BARREIRO,POINT Z (-43.99924818114307 -19.97688046115048 0)
C41034,BARREIRO,POINT Z (-44.01130167666858 -19.95843988370638 0)
C41037,BARREIRO,POINT Z (-44.00482105390097 -19.97725725594696 0)
C41038,BARREIRO,POINT Z (-44.02346659539242 -19.99325541082918 0)
C41039,BARREIRO,POINT Z (-43.98731474293236 -19.98532108819672 0)
C41040,BARREIRO,POINT Z (-44.02838131441053 -19.97614207600633 0)
C41041,BARREIRO,POINT Z (-44.00610914296026 -20.00099541745682 0)
C41042,BARREIRO,POINT Z (-44.01361493335854 -19.99057129288207 0)
C41043,BARREIRO,POINT Z (-44.03558476719387 -19.98786174214374 0)
C41044,BARREIRO,POINT Z (-44.0365303215126 -19.98927013292512 0)
C41045,BARREIRO,POINT Z (-44.03487132561757 -19.99076508464816 0)
C41046,BARREIRO,POINT Z (-44.03476312152327 -20.0064643858655 0)
C41047,BARREIRO,POINT Z (-44.03376078903159 -20.00925260835804 0)
C41048,BARREIRO,POINT Z (-44.04195349387643 -19.99242713664384 0)
C41049,BARREIRO,POINT Z (-44.04519327887861 -19.99400065891975 0)
C41051,BARREIRO,POINT Z (-44.04045687028042 -19.98723571248319 0)
C41052,BARREIRO,POINT Z (-44.04221450462431 -19.98787496058613 0)
C41053,BARREIRO,POINT Z (-44.04343003422318 -19.98879802241553 0)
C41054,BARREIRO,POINT Z (-44.03005050064181 -19.9787374404368 0)
C41055,BARREIRO,POINT Z (-44.02917190395016 -19.99387506830828 0)
C41056,BARREIRO,POINT Z (-44.03363784474458 -19.98422638242493 0)
C49001,NORTE,POINT Z (-43.94880504431033 -19.8219807003938 0)
C49002,VENDA NOVA,POINT Z (-43.98731013786993 -19.80097169150757 0)
C49003,VENDA NOVA,POINT Z (-43.95223025783523 -19.81858665837444 0)
C49004,VENDA NOVA,POINT Z (-43.95385481405872 -19.81583358638175 0)
C49005,VENDA NOVA,POINT Z (-43.95893317956534 -19.81240099211192 0)
C49006,VENDA NOVA,POINT Z (-43.96294147490629 -19.81162440929013 0)
C49008,VENDA NOVA,POINT Z (-43.97038191856779 -19.80653711724679 0)
C49009,VENDA NOVA,POINT Z (-43.97241706147796 -19.8033128746374 0)
C49010,VENDA NOVA,POINT Z (-43.97521532676237 -19.80286145437201 0)
C49011,VENDA NOVA,POINT Z (-43.98056217213649 -19.80151667337304 0)
C49012 (C13907),NORTE,POINT Z (-43.95258578310087 -19.82155591242337 0)
C49013,VENDA NOVA,POINT Z (-43.95362909431238 -19.81826204745748 0)
C49014,VENDA NOVA,POINT Z (-43.95661422731602 -19.81593574085707 0)
C49015,VENDA NOVA,POINT Z (-43.95998354716287 -19.8144977835006 0)
C49016,VENDA NOVA,POINT Z (-43.96498030043399 -19.81183592971317 0)
C49017,VENDA NOVA,POINT Z (-43.96868289750151 -19.8094069126292 0)
C49018,VENDA NOVA,POINT Z (-43.9706357093989 -19.80696615571643 0)
C49019,VENDA NOVA,POINT Z (-43.97431892894178 -19.80419630350818 0)
C49020,VENDA NOVA,POINT Z (-43.97916949789331 -19.80374497252388 0)
C49021,VENDA NOVA,POINT Z (-43.98583306776776 -19.80359275405988 0)
C49022,VENDA NOVA,POINT Z (-43.98983962786143 -19.80343624373769 0)
C49023,VENDA NOVA,POINT Z (-43.99683204648642 -19.80297993661243 0)
C49024,VENDA NOVA,POINT Z (-44.00041960635974 -19.80296836699215 0)
C49026,VENDA NOVA,POINT Z (-44.00255104350362 -19.80686299273895 0)
C49027,VENDA NOVA,POINT Z (-43.99424191778221 -19.82638234762885 0)
C49028,VENDA NOVA,POINT Z (-43.96035517552171 -19.82493508869215 0)
C49029,PAMPULHA,POINT Z (-43.96421115586617 -19.82885834395263 0)
C49030,VENDA NOVA,POINT Z (-43.96892739764441 -19.82724275571557 0)
C49031,PAMPULHA,POINT Z (-43.97170009733866 -19.8297760802674 0)
C49033,VENDA NOVA,POINT Z (-43.97763767754665 -19.81951620361765 0)
C49034,VENDA NOVA,POINT Z (-43.98376820168317 -19.81856639895412 0)
C49035,VENDA NOVA,POINT Z (-43.9843732476529 -19.81358218964184 0)
C49036,VENDA NOVA,POINT Z (-43.97237427573236 -19.81456452732447 0)
C49037,VENDA NOVA,POINT Z (-43.97963771148434 -19.82403746112555 0)
C49038,VENDA NOVA,POINT Z (-43.98037091121415 -19.82661429574017 0)
C49039,VENDA NOVA,POINT Z (-44.00230309022488 -19.815363670351 0)
C49040,VENDA NOVA,POINT Z (-44.0008589658574 -19.81777280527913 0)
C49041,VENDA NOVA,POINT Z (-43.99625484652967 -19.82520133682136 0)
C49042,VENDA NOVA,POINT Z (-43.9972236880428 -19.81891815164581 0)
C49043,VENDA NOVA,POINT Z (-43.99666719006505 -19.82265005988624 0)
C49044,VENDA NOVA,POINT Z (-43.97975992854601 -19.80587208082139 0)
C49045,VENDA NOVA,POINT Z (-43.9809460327346 -19.80814932255296 0)
C49046,VENDA NOVA,POINT Z (-43.97595155226455 -19.80578384113791 0)
C49047,VENDA NOVA,POINT Z (-43.95545746257032 -19.80327052890863 0)
C49048,VENDA NOVA,POINT Z (-43.95766577326552 -19.80562620678292 0)
C49049,VENDA NOVA,POINT Z (-43.95284446127281 -19.80576309334619 0)
C49050,VENDA NOVA,POINT Z (-43.95518896754268 -19.80841584563504 0)
C49051,VENDA NOVA,POINT Z (-43.96143193758256 -19.80121539273435 0)
C49052,VENDA NOVA,POINT Z (-43.95546934096416 -19.79922544322952 0)
C49053,VENDA NOVA,POINT Z (-43.95308796909485 -19.79830567563763 0)
C49054,VENDA NOVA,POINT Z (-43.96737697219933 -19.81656707003813 0)
C05001,OESTE,POINT Z (-43.99219029068178 -19.96922694098123 0)
C05002,OESTE,POINT Z (-43.98979144556219 -19.96099997994605 0)
C05003,OESTE,POINT Z (-43.98843735747659 -19.95896181205 0)
C05004,OESTE,POINT Z (-43.98670289361525 -19.95826146589376 0)
C05005,OESTE,POINT Z (-43.98616071753307 -19.95685332600231 0)
C05006,OESTE,POINT Z (-43.98329959873161 -19.95371391833394 0)
C05007,OESTE,POINT Z (-43.98134339332139 -19.9508320546516 0)
C05008,OESTE,POINT Z (-43.98402006272545 -19.94487532450349 0)
C05009,OESTE,POINT Z (-43.98386866587123 -19.94434379600004 0)
C05010,OESTE,POINT Z (-43.98302317474172 -19.94087752764578 0)
C05011,OESTE,POINT Z (-43.98476011593776 -19.94748432739357 0)
C05012,OESTE,POINT Z (-43.9764951951408 -19.97649365918749 0)
C05013,OESTE,POINT Z (-43.97412580733396 -19.97636119039367 0)
C05014,OESTE,POINT Z (-43.97173064291238 -19.97618266015142 0)
C05015,OESTE,POINT Z (-43.96776858696496 -19.97302271413273 0)
C05016,OESTE,POINT Z (-43.96492248245323 -19.97060814704879 0)
C05017,OESTE,POINT Z (-43.96316685640453 -19.96789342051329 0)
C05018,OESTE,POINT Z (-43.95495660655439 -19.96654189669911 0)
C05019,OESTE,POINT Z (-43.96463453279965 -19.96959042087535 0)
C05020,OESTE,POINT Z (-43.95777869708675 -19.96824785134419 0)
C05022,OESTE,POINT Z (-43.98680078230984 -19.92789673365827 0)
C05023,OESTE,POINT Z (-43.9942558402247 -19.9360346638661 0)
C05024,OESTE,POINT Z (-43.99687998720968 -19.9380152837615 0)
C05025,OESTE,POINT Z (-44.00091803277714 -19.93874884973642 0)
C05026,OESTE,POINT Z (-44.00195795311729 -19.94068743486838 0)
C05027,OESTE,POINT Z (-44.00343828942923 -19.94264436361714 0)
C05028,OESTE,POINT Z (-44.00395101237545 -19.94317060524123 0)
C05029,OESTE,POINT Z (-44.00555494684348 -19.94575161952809 0)
C05030,OESTE,POINT Z (-44.00794982190605 -19.94692457643828 0)
C05031,OESTE,POINT Z (-44.00901300530876 -19.94730680097383 0)
C05032,OESTE,POINT Z (-44.00983712016719 -19.94831603623395 0)
C05051,OESTE,POINT Z (-43.988867 -19.930786 0)
C05052,OESTE,POINT Z (-43.989789 -19.929956 0)
